<?xml version="1.0" encoding="UTF-8"?>
<!DOCTYPE suite SYSTEM "https://testng.org/testng-1.0.dtd">
<suite name="DemoLogin" verbose="2">

	<test name="google Search">

		<classes>
		
		    <class name="com.hyr.PracticeTestNG.PriorityClass">
		     <methods>
            <include name="FirstGEAR"></include>
          
            </methods>
            </class>
		   </classes> 
	</test>
</suite> <!-- Suite -->


















<!-- <class name="com.hyr.PracticeTestNG.PriorityClass"></class> <class name="com.hyr.PracticeTestNG.handleDependencies"></class> -->

<!-- <groups> <run> <include name="Fruits"></include> <include name="carsbrands"></include> 
	</run> </groups> -->

<!-- <groups> <run> <include name="Fruits"></include> <include name="carsbrands"></include> 
	</run> </groups> -->





<!-- <parameter name="Name" value="pranesh"></parameter> -->
  